id,from_node,to_node,length,hp_type,capacity,direction,costs,losses
0,producers-0,forks-0,20,DN-50,358.273,1,14842.730000000001,0.182
1,producers-1,forks-5,20,DN-90,1300.561,1,38085.61,0.42000000000000004
26,producers-2,forks-7,20,DN-40,201.625,1,12456.25,0.19
27,producers-3,forks-9,20,DN-50,210.064,1,13360.640000000001,0.182
28,producers-4,forks-1,20,,0.0,0,0.0,0.0
2,forks-0,forks-1,10,,0.0,0,0.0,0.0
3,forks-1,forks-2,20,,0.0,0,0.0,0.0
4,forks-2,forks-3,20,DN-25,74.228,-1,10062.279999999999,0.152
5,forks-3,forks-4,10,DN-80,882.695,-1,15553.475,0.19
6,forks-4,forks-5,10,DN-100,1300.141,-1,20430.705,0.24
7,forks-5,forks-6,30,,0.0,0,0.0,0.0
8,forks-6,forks-7,30,,0.0,0,0.0,0.0
9,forks-7,forks-8,30,DN-50,178.0,1,19560.0,0.273
10,forks-8,forks-9,20,,0.0,0,0.0,0.0
11,forks-9,forks-10,10,DN-125,2046.0,1,27640.0,0.3
12,forks-10,forks-0,30,,0.0,0,0.0,0.0
14,forks-2,consumers-1,10,DN-25,74.076,1,5030.38,0.076
17,forks-7,consumers-4,10,DN-25,50.576,1,4912.88,0.076
18,forks-8,consumers-5,10,DN-32,150.586,1,5662.93,0.086
19,forks-10,consumers-7,10,DN-25,100.576,1,5162.88,0.076
20,forks-10,consumers-6,10,DN-25,109.006,1,5205.030000000001,0.076
21,forks-3,consumers-8,10,DN-40,317.095,1,6805.475,0.095
22,forks-3,consumers-9,20,DN-50,491.182,1,16171.82,0.182
23,forks-4,consumers-10,20,DN-40,258.19,1,13021.900000000001,0.19
24,forks-4,consumers-11,10,DN-32,159.016,1,5705.08,0.086
25,forks-0,consumers-12,10,DN-50,358.091,1,7420.455,0.091
