id,from_node,to_node,length
0,producers-0,forks-0,20
1,producers-1,forks-5,20
26,producers-2,forks-7,20
27,producers-3,forks-9,20
28,producers-4,forks-1,20
2,forks-0,forks-1,10
3,forks-1,forks-2,20
4,forks-2,forks-3,20
5,forks-3,forks-4,10
6,forks-4,forks-5,10
7,forks-5,forks-6,30
8,forks-6,forks-7,30
9,forks-7,forks-8,30
10,forks-8,forks-9,20
11,forks-9,forks-10,10
12,forks-10,forks-0,30
14,forks-2,consumers-3,10
17,forks-7,consumers-2,10
18,forks-8,consumers-14,10
19,forks-10,consumers-4,10
20,forks-10,consumers-8,10
21,forks-3,consumers-32,10
22,forks-3,consumers-15,20
23,forks-4,consumers-10,20
24,forks-4,consumers-38,10
25,forks-0,consumers-18,10